,MemberNumber,NumberPurchased
0,3180,36
1,3737,33
2,3050,33
3,2051,33
4,2625,31
5,3915,31
6,2433,31
7,2271,31
8,3872,30
9,3289,29
10,4875,29
11,2851,29
12,2394,29
13,4338,28
14,1379,28
15,3308,28
16,4831,28
17,2524,28
18,1052,27
19,2193,27
20,1410,27
21,4272,27
22,3752,27
23,1998,27
24,2517,27
25,2663,27
26,4695,26
27,4376,26
28,4486,26
29,3082,26
30,1905,26
31,2512,26
32,4137,26
33,4941,26
34,2960,26
35,1265,25
36,1870,25
37,2440,25
38,4864,25
39,1366,25
40,3462,25
41,1793,25
42,4303,25
43,4217,25
44,2344,25
45,2164,25
46,1098,24
47,2632,24
48,3120,24
49,2070,24
50,3957,24
51,2184,24
52,2560,24
53,1116,24
54,2816,24
55,1275,24
56,4828,24
57,3247,24
58,3122,24
59,2990,24
60,2760,23
61,3497,23
62,3942,23
63,1654,23
64,4277,23
65,2294,23
66,2789,23
67,3484,23
68,3783,23
69,4437,23
70,1395,23
71,1466,23
72,1827,23
73,4495,23
74,4753,23
75,3960,23
76,3221,23
77,2022,23
78,2855,23
79,4297,23
80,3593,23
81,1574,23
82,2706,23
83,2736,23
84,1407,23
85,1991,23
86,3046,23
87,3691,23
88,3830,23
89,4251,22
90,3090,22
91,4524,22
92,3465,22
93,3246,22
94,4671,22
95,4364,22
96,3361,22
97,3517,22
98,3543,22
99,4153,22
100,3042,22
101,1595,22
102,3266,22
103,2229,22
104,4293,22
105,1948,22
106,3495,22
107,2779,22
108,1887,22
109,2270,22
110,4679,22
111,4624,22
112,3251,21
113,2234,21
114,1087,21
115,1353,21
116,3709,21
117,4494,21
118,4656,21
119,1878,21
120,4585,21
121,1004,21
122,4933,21
123,1780,21
124,3402,21
125,4877,21
126,2443,21
127,2799,21
128,2918,21
129,1997,21
130,1218,21
131,3164,21
132,4683,21
133,3862,21
134,2421,21
135,3761,21
136,4783,21
137,1169,21
138,3679,21
139,2738,21
140,2447,21
141,3248,21
142,1737,21
143,3811,21
144,2252,21
145,4574,21
146,2492,21
147,2408,21
148,1929,21
149,3635,21
150,1583,21
151,3651,21
152,4187,21
153,3835,21
154,1566,21
155,4190,21
156,2868,21
157,3732,21
158,4588,21
159,1225,21
160,2511,21
161,1170,20
162,4694,20
163,1908,20
164,1682,20
165,4509,20
166,4165,20
167,1245,20
168,4645,20
169,4234,20
170,1107,20
171,4780,20
172,1943,20
173,2357,20
174,2758,20
175,4657,20
176,1932,20
177,3812,20
178,1482,20
179,2086,20
180,4030,20
181,1146,20
182,4178,20
183,4526,20
184,2298,20
185,4302,20
186,1572,20
187,1561,20
188,1051,20
189,3549,20
190,4292,20
191,2454,20
192,2584,20
193,1768,20
194,1483,20
195,1092,20
196,2961,20
197,4628,20
198,1444,20
199,3581,20
200,3393,20
201,2718,20
202,4852,20
203,3657,20
204,1094,20
205,1777,20
206,4666,20
207,1785,20
208,1237,20
209,4316,20
210,2811,20
211,2186,20
212,2001,20
213,3663,19
214,2629,19
215,1136,19
216,1922,19
217,1934,19
218,2978,19
219,1748,19
220,1422,19
221,2142,19
222,4836,19
223,2600,19
224,1522,19
225,2835,19
226,1175,19
227,3137,19
228,3719,19
229,4235,19
230,1013,19
231,4515,19
232,1148,19
233,4721,19
234,3582,19
235,2293,19
236,1711,19
237,4266,19
238,4102,19
239,1565,19
240,2014,19
241,1235,19
242,3822,19
243,4487,19
244,3682,19
245,3353,19
246,2654,19
247,2222,19
248,1233,19
249,2107,19
250,1038,19
251,2370,19
252,2568,19
253,1959,19
254,2645,19
255,3803,19
256,2601,19
257,2210,19
258,2381,19
259,3687,19
260,4308,19
261,2957,19
262,3504,19
263,3044,19
264,4799,19
265,2694,19
266,3903,19
267,3547,19
268,2589,19
269,3048,19
270,1634,19
271,2230,18
272,4693,18
273,4773,18
274,4112,18
275,1783,18
276,3245,18
277,1761,18
278,3757,18
279,3499,18
280,3507,18
281,4330,18
282,1625,18
283,4820,18
284,1889,18
285,2578,18
286,2019,18
287,1197,18
288,2946,18
289,4988,18
290,3621,18
291,2729,18
292,4598,18
293,1333,18
294,1404,18
295,3358,18
296,3926,18
297,2056,18
298,4321,18
299,3225,18
300,3855,18
301,3718,18
302,1510,18
303,1509,18
304,3165,18
305,1118,18
306,2011,18
307,4760,18
308,3380,18
309,4594,18
310,1811,18
311,3104,18
312,4453,18
313,4699,18
314,2311,18
315,3054,18
316,3793,18
317,3879,18
318,2171,18
319,2794,18
320,2348,18
321,3922,18
322,1534,18
323,1653,18
324,2138,18
325,1866,18
326,1327,18
327,1456,18
328,3782,18
329,1608,18
330,4572,18
331,3405,18
332,3429,18
333,4215,18
334,1110,18
335,2340,18
336,4946,18
337,1649,18
338,3562,18
339,2612,18
340,4804,17
341,3821,17
342,3189,17
343,4314,17
344,3508,17
345,2602,17
346,1753,17
347,2494,17
348,3141,17
349,1026,17
350,1798,17
351,4531,17
352,3002,17
353,1023,17
354,4456,17
355,1264,17
356,4741,17
357,1438,17
358,3776,17
359,1283,17
360,4353,17
361,1734,17
362,4018,17
363,4406,17
364,4015,17
365,2707,17
366,2690,17
367,4129,17
368,4223,17
369,1097,17
370,2365,17
371,3036,17
372,3255,17
373,4510,17
374,1979,17
375,3743,17
376,3500,17
377,4262,17
378,2540,17
379,4387,17
380,2814,17
381,4667,17
382,4468,17
383,4564,17
384,4636,17
385,1715,17
386,2932,17
387,4939,17
388,2406,17
389,4389,17
390,1242,17
391,4155,17
392,1153,17
393,2426,17
394,3595,17
395,2986,17
396,1279,17
397,3827,17
398,4335,17
399,4776,17
400,4312,17
401,4183,17
402,1220,17
403,3649,17
404,4124,17
405,2595,17
406,2448,17
407,4197,17
408,3077,17
409,3014,17
410,2092,17
411,2743,17
412,1661,17
413,1567,17
414,1287,17
415,3560,17
416,1190,17
417,4433,17
418,4661,17
419,1819,17
420,1486,17
421,1120,17
422,3998,17
423,2428,17
424,2055,17
425,3119,17
426,4745,17
427,3072,17
428,3841,17
429,1733,17
430,1646,17
431,3128,17
432,2937,17
433,3558,17
434,4464,17
435,1361,17
436,2907,17
437,1296,17
438,4019,17
439,1477,17
440,3094,17
441,4766,17
442,2613,17
443,2810,17
444,1995,17
445,3450,17
446,3201,17
447,1465,17
448,3531,17
449,3438,16
450,2925,16
451,2573,16
452,2687,16
453,1450,16
454,4779,16
455,1690,16
456,1114,16
457,3633,16
458,1612,16
459,4938,16
460,4550,16
461,2043,16
462,2618,16
463,1788,16
464,2633,16
465,3474,16
466,1740,16
467,1182,16
468,3956,16
469,2997,16
470,3523,16
471,2289,16
472,3899,16
473,1430,16
474,2550,16
475,4042,16
476,1931,16
477,1062,16
478,2873,16
479,3741,16
480,2349,16
481,1708,16
482,1494,16
483,3232,16
484,1204,16
485,2787,16
486,2650,16
487,4915,16
488,1832,16
489,3153,16
490,3905,16
491,3469,16
492,4416,16
493,4441,16
494,4579,16
495,3938,16
496,4937,16
497,4130,16
498,3518,16
499,1286,16
500,4719,16
501,1913,16
502,1081,16
503,4455,16
504,3460,16
505,1999,16
506,1183,16
507,3878,16
508,1983,16
509,1651,16
510,2133,16
511,4688,16
512,2716,16
513,4220,16
514,4104,16
515,3115,16
516,4372,16
517,2592,16
518,3309,16
519,2251,16
520,4589,16
521,3306,16
522,4573,16
523,2389,16
524,3430,16
525,3481,16
526,3095,16
527,3911,16
528,2310,16
529,4999,16
530,1966,16
531,3356,16
532,4662,16
533,2549,16
534,2129,16
535,4592,16
536,1032,16
537,1248,16
538,3284,16
539,1472,16
540,1231,16
541,4056,16
542,4110,16
543,3262,16
544,2089,16
545,1360,16
546,3322,16
547,3768,16
548,4953,16
549,4243,16
550,1618,16
551,3337,16
552,1580,16
553,2666,16
554,3909,16
555,2380,16
556,1427,16
557,4291,16
558,3111,16
559,4700,16
560,4643,16
561,2555,16
562,3844,16
563,4152,16
564,1584,16
565,3973,16
566,2772,16
567,1239,16
568,4078,16
569,2659,16
570,4747,16
571,2874,16
572,2617,16
573,1500,16
574,3139,16
575,1211,16
576,1507,16
577,3877,16
578,1144,16
579,2093,16
580,2017,16
581,3967,16
582,3268,16
583,1329,16
584,2813,16
585,3081,15
586,1384,15
587,2916,15
588,3026,15
589,2045,15
590,3505,15
591,3548,15
592,3779,15
593,1419,15
594,3604,15
595,2755,15
596,3643,15
597,2453,15
598,3775,15
599,3864,15
600,4426,15
601,1659,15
602,1729,15
603,3365,15
604,2910,15
605,3276,15
606,4742,15
607,4512,15
608,1967,15
609,3818,15
610,3071,15
611,4499,15
612,4685,15
613,4336,15
614,1468,15
615,2391,15
616,4169,15
617,1385,15
618,2244,15
619,1160,15
620,4207,15
621,3535,15
622,3207,15
623,4240,15
624,1006,15
625,1603,15
626,4280,15
627,4417,15
628,2166,15
629,4334,15
630,4170,15
631,1613,15
632,1554,15
633,4206,15
634,3354,15
635,1278,15
636,2689,15
637,4301,15
638,2950,15
639,4146,15
640,1277,15
641,1949,15
642,2597,15
643,1628,15
644,1844,15
645,4717,15
646,3948,15
647,1381,15
648,2267,15
649,3227,15
650,2952,15
651,4525,15
652,1452,15
653,4192,15
654,1892,15
655,2761,15
656,1435,15
657,4299,15
658,2499,15
659,2437,15
660,3031,15
661,2955,15
662,4434,15
663,3028,15
664,2599,15
665,3797,15
666,2523,15
667,2715,15
668,2746,15
669,1493,15
670,3369,15
671,4163,15
672,4121,15
673,4117,15
674,4812,15
675,4692,15
676,1322,15
677,2100,15
678,2194,15
679,3760,15
680,3982,15
681,3399,15
682,2231,15
683,4275,15
684,3600,15
685,2346,15
686,3489,15
687,2077,15
688,2441,15
689,3971,15
690,4744,15
691,2041,15
692,4814,15
693,1609,15
694,4548,15
695,3832,15
696,2993,15
697,3583,15
698,2792,15
699,3985,15
700,3950,15
701,3476,15
702,1692,15
703,2364,15
704,2040,15
705,4305,15
706,3688,15
707,2867,15
708,4601,15
709,1332,15
710,4778,15
711,1697,15
712,3620,15
713,3529,15
714,3214,15
715,3051,15
716,2325,15
717,2857,15
718,4320,15
719,3483,15
720,4362,15
721,2745,15
722,2840,15
723,4444,15
724,1862,15
725,4952,15
726,4445,15
727,1757,15
728,4800,15
729,3857,14
730,2510,14
731,1994,14
732,2374,14
733,3571,14
734,1312,14
735,4002,14
736,3009,14
737,3959,14
738,2201,14
739,3437,14
740,1050,14
741,4504,14
742,1065,14
743,4835,14
744,4576,14
745,3348,14
746,1945,14
747,4073,14
748,4236,14
749,2209,14
750,3683,14
751,1553,14
752,1602,14
753,2432,14
754,3194,14
755,3612,14
756,1269,14
757,3758,14
758,3584,14
759,1230,14
760,2502,14
761,1776,14
762,4391,14
763,1894,14
764,4319,14
765,2065,14
766,4929,14
767,2563,14
768,2315,14
769,3491,14
770,4134,14
771,1706,14
772,4932,14
773,1969,14
774,1703,14
775,1743,14
776,3041,14
777,3327,14
778,2930,14
779,4166,14
780,4324,14
781,2553,14
782,1527,14
783,1259,14
784,2273,14
785,3509,14
786,2356,14
787,2534,14
788,4431,14
789,4388,14
790,2996,14
791,2362,14
792,3416,14
793,3848,14
794,3208,14
795,3347,14
796,3592,14
797,2415,14
798,4194,14
799,4182,14
800,4473,14
801,1479,14
802,2885,14
803,1035,14
804,3410,14
805,3107,14
806,3924,14
807,1754,14
808,2475,14
809,1924,14
810,4796,14
811,1416,14
812,1324,14
813,4821,14
814,3184,14
815,4623,14
816,3608,14
817,3900,14
818,3166,14
819,3182,14
820,4756,14
821,4947,14
822,4077,14
823,3296,14
824,3817,14
825,4384,14
826,4024,14
827,3972,14
828,4091,14
829,1621,14
830,1888,14
831,3321,14
832,2079,14
833,2120,14
834,3962,14
835,4294,14
836,1206,14
837,4924,14
838,1599,14
839,2042,14
840,2944,14
841,1373,14
842,4012,14
843,3910,14
844,3101,14
845,2031,14
846,2236,14
847,2604,14
848,1303,14
849,1340,14
850,1632,14
851,4827,14
852,3574,14
853,1086,14
854,4162,14
855,1758,14
856,2719,14
857,4267,14
858,4860,14
859,1077,14
860,4442,14
861,3963,14
862,3116,14
863,1865,14
864,2232,14
865,4708,14
866,4097,14
867,3084,14
868,3539,14
869,2393,14
870,2711,14
871,4633,14
872,2413,14
873,3590,14
874,3881,14
875,2676,14
876,1796,14
877,4746,14
878,4038,14
879,1176,14
880,4470,14
881,1347,14
882,2860,14
883,2484,14
884,1863,14
885,4430,14
886,2390,14
887,4851,14
888,4681,14
889,1216,14
890,2869,14
891,2265,14
892,2519,14
893,2196,14
894,1921,14
895,4825,14
896,3175,14
897,3863,14
898,3181,14
899,4108,14
900,1939,14
901,1061,14
902,3511,14
903,4555,14
904,1285,14
905,1722,14
906,4931,14
907,2215,14
908,3931,13
909,1428,13
910,3891,13
911,2331,13
912,4086,13
913,1011,13
914,4788,13
915,3790,13
916,1480,13
917,2480,13
918,3414,13
919,4606,13
920,4868,13
921,4757,13
922,3946,13
923,4508,13
924,3315,13
925,1792,13
926,2652,13
927,1726,13
928,2337,13
929,2366,13
930,3396,13
931,2764,13
932,3363,13
933,2018,13
934,1290,13
935,1355,13
936,3672,13
937,2507,13
938,1276,13
939,2175,13
940,2712,13
941,4109,13
942,1937,13
943,3976,13
944,4258,13
945,1822,13
946,4412,13
947,2235,13
948,1542,13
949,1855,13
950,3684,13
951,1354,13
952,2535,13
953,4222,13
954,2431,13
955,4958,13
956,2552,13
957,4180,13
958,1787,13
959,4720,13
960,1515,13
961,1213,13
962,4351,13
963,3637,13
964,3329,13
965,4160,13
966,1129,13
967,1551,13
968,4501,13
969,3856,13
970,4743,13
971,3728,13
972,3467,13
973,4616,13
974,4035,13
975,1895,13
976,3677,13
977,1076,13
978,3668,13
979,2469,13
980,3552,13
981,3294,13
982,2781,13
983,3999,13
984,3727,13
985,4214,13
986,3409,13
987,4676,13
988,2459,13
989,4392,13
990,2870,13
991,1442,13
992,4807,13
993,3763,13
994,3176,13
995,3138,13
996,1782,13
997,2648,13
998,4923,13
999,2688,13
1000,3193,13
1001,4891,13
1002,1663,13
1003,4975,13
1004,2975,13
1005,2284,13
1006,3205,13
1007,2332,13
1008,2879,13
1009,4133,13
1010,1616,13
1011,3258,13
1012,4686,13
1013,1240,13
1014,4340,13
1015,3456,13
1016,3325,13
1017,2063,13
1018,2847,13
1019,3035,13
1020,4257,13
1021,1489,13
1022,4537,13
1023,1702,13
1024,3287,13
1025,3519,13
1026,2211,13
1027,4156,13
1028,1342,13
1029,1370,13
1030,4106,13
1031,3746,13
1032,2261,13
1033,2005,13
1034,4652,13
1035,3814,13
1036,2403,13
1037,2202,13
1038,1741,13
1039,3537,13
1040,1363,13
1041,1391,13
1042,2176,13
1043,4065,13
1044,4762,13
1045,1719,13
1046,3918,13
1047,3917,13
1048,1133,13
1049,2004,13
1050,3745,13
1051,4969,13
1052,2117,13
1053,2218,13
1054,1028,13
1055,1825,13
1056,4832,13
1057,3629,13
1058,1930,13
1059,3013,13
1060,4916,13
1061,2306,13
1062,3389,13
1063,2028,13
1064,4718,13
1065,4951,13
1066,2072,13
1067,4352,13
1068,4826,13
1069,1587,13
1070,4281,13
1071,3897,13
1072,2587,13
1073,4202,13
1074,3237,13
1075,4191,13
1076,2272,13
1077,1476,13
1078,3442,13
1079,3786,13
1080,3588,13
1081,2226,13
1082,2359,13
1083,4505,13
1084,2784,13
1085,1696,13
1086,2238,13
1087,1199,13
1088,4972,13
1089,2321,13
1090,4566,13
1091,3447,13
1092,4286,13
1093,1000,13
1094,4228,13
1095,3579,13
1096,1339,13
1097,2800,13
1098,3589,13
1099,3144,13
1100,4610,12
1101,3559,12
1102,3894,12
1103,2165,12
1104,2973,12
1105,3986,12
1106,2515,12
1107,4678,12
1108,3642,12
1109,4862,12
1110,4025,12
1111,2047,12
1112,1256,12
1113,4113,12
1114,2288,12
1115,1899,12
1116,1884,12
1117,4232,12
1118,4150,12
1119,2903,12
1120,1767,12
1121,2796,12
1122,3744,12
1123,4761,12
1124,2685,12
1125,3206,12
1126,3613,12
1127,1162,12
1128,3480,12
1129,1440,12
1130,1127,12
1131,1693,12
1132,2127,12
1133,3472,12
1134,2653,12
1135,2058,12
1136,1305,12
1137,4375,12
1138,3831,12
1139,2900,12
1140,3690,12
1141,4138,12
1142,3170,12
1143,4872,12
1144,1901,12
1145,3038,12
1146,3882,12
1147,1814,12
1148,4567,12
1149,3774,12
1150,2582,12
1151,4613,12
1152,1474,12
1153,3596,12
1154,2383,12
1155,3701,12
1156,3778,12
1157,4809,12
1158,1010,12
1159,1615,12
1160,4036,12
1161,3527,12
1162,1810,12
1163,4787,12
1164,3400,12
1165,3528,12
1166,1674,12
1167,2291,12
1168,4540,12
1169,1143,12
1170,1923,12
1171,3849,12
1172,2131,12
1173,3344,12
1174,3666,12
1175,1108,12
1176,2977,12
1177,4268,12
1178,4608,12
1179,4759,12
1180,3487,12
1181,3515,12
1182,4785,12
1183,2204,12
1184,4715,12
1185,2765,12
1186,2581,12
1187,1540,12
1188,1961,12
1189,2255,12
1190,4288,12
1191,2513,12
1192,4646,12
1193,4748,12
1194,3178,12
1195,3704,12
1196,4697,12
1197,3168,12
1198,2239,12
1199,1390,12
1200,2643,12
1201,2795,12
1202,4735,12
1203,2982,12
1204,1759,12
1205,4440,12
1206,1001,12
1207,1335,12
1208,3736,12
1209,4618,12
1210,4890,12
1211,1817,12
1212,1406,12
1213,4892,12
1214,1294,12
1215,4049,12
1216,2942,12
1217,4274,12
1218,1800,12
1219,2861,12
1220,2769,12
1221,2751,12
1222,1457,12
1223,4448,12
1224,4211,12
1225,1008,12
1226,1109,12
1227,3661,12
1228,1731,12
1229,1073,12
1230,2545,12
1231,2309,12
1232,2991,12
1233,4842,12
1234,4006,12
1235,3703,12
1236,4348,12
1237,3764,12
1238,2068,12
1239,3100,12
1240,2106,12
1241,2254,12
1242,4147,12
1243,3913,12
1244,1656,12
1245,4563,12
1246,1774,12
1247,4076,12
1248,1658,12
1249,2010,12
1250,1341,12
1251,3297,12
1252,1365,12
1253,2355,12
1254,2048,12
1255,1652,12
1256,4367,12
1257,2435,12
1258,4986,12
1259,4261,12
1260,3203,12
1261,4007,12
1262,4819,12
1263,3117,12
1264,1750,12
1265,3669,12
1266,2467,12
1267,4822,12
1268,1291,12
1269,3066,12
1270,4769,12
1271,3190,12
1272,2547,12
1273,1623,12
1274,4323,12
1275,1412,12
1276,4306,12
1277,4817,12
1278,4967,12
1279,2518,12
1280,4224,12
1281,2160,12
1282,2641,12
1283,2741,12
1284,2622,12
1285,1896,12
1286,1636,12
1287,3692,12
1288,2964,12
1289,2386,12
1290,4068,12
1291,4462,12
1292,4218,12
1293,1736,12
1294,4523,12
1295,3140,12
1296,2400,12
1297,3364,12
1298,3252,12
1299,2672,12
1300,4853,12
1301,4259,12
1302,1358,12
1303,1033,12
1304,2054,12
1305,2532,12
1306,2989,12
1307,2876,12
1308,1090,12
1309,2212,12
1310,4403,12
1311,4427,12
1312,2242,12
1313,3099,12
1314,1846,12
1315,3113,12
1316,2152,12
1317,1307,12
1318,2580,12
1319,1641,12
1320,1053,12
1321,4569,12
1322,2836,12
1323,4959,12
1324,2430,12
1325,4148,12
1326,1946,12
1327,2941,12
1328,4326,12
1329,4485,12
1330,2083,12
1331,3086,12
1332,2102,12
1333,1837,12
1334,3603,12
1335,3486,12
1336,2240,12
1337,4201,12
1338,4260,12
1339,2747,12
1340,4459,12
1341,3846,12
1342,4328,12
1343,3229,12
1344,3524,12
1345,4107,12
1346,3220,12
1347,4039,12
1348,2139,12
1349,2066,12
1350,4544,12
1351,2565,12
1352,2404,11
1353,4736,11
1354,3385,11
1355,1815,11
1356,1012,11
1357,2678,11
1358,4546,11
1359,4467,11
1360,2157,11
1361,2984,11
1362,3257,11
1363,4806,11
1364,1867,11
1365,2035,11
1366,4750,11
1367,3599,11
1368,4637,11
1369,3893,11
1370,4482,11
1371,4045,11
1372,2169,11
1373,3645,11
1374,4925,11
1375,3587,11
1376,4649,11
1377,2061,11
1378,3794,11
1379,1040,11
1380,3282,11
1381,2505,11
1382,3005,11
1383,4790,11
1384,2514,11
1385,4127,11
1386,2504,11
1387,2097,11
1388,3062,11
1389,3439,11
1390,4216,11
1391,2701,11
1392,1420,11
1393,2909,11
1394,2029,11
1395,1326,11
1396,2906,11
1397,1309,11
1398,1432,11
1399,4992,11
1400,2730,11
1401,2101,11
1402,2570,11
1403,3307,11
1404,2132,11
1405,3089,11
1406,1374,11
1407,2882,11
1408,3011,11
1409,3575,11
1410,3896,11
1411,1017,11
1412,3748,11
1413,4322,11
1414,4084,11
1415,2803,11
1416,1492,11
1417,2091,11
1418,1208,11
1419,2128,11
1420,1724,11
1421,1806,11
1422,2854,11
1423,1839,11
1424,4867,11
1425,3557,11
1426,1158,11
1427,4410,11
1428,2436,11
1429,2893,11
1430,1526,11
1431,3694,11
1432,3674,11
1433,4115,11
1434,1668,11
1435,3502,11
1436,1377,11
1437,4797,11
1438,1443,11
1439,1491,11
1440,4704,11
1441,3847,11
1442,3025,11
1443,1619,11
1444,2920,11
1445,4527,11
1446,4808,11
1447,4233,11
1448,2669,11
1449,1349,11
1450,1677,11
1451,2185,11
1452,1859,11
1453,3421,11
1454,3398,11
1455,4069,11
1456,3045,11
1457,3705,11
1458,3653,11
1459,3697,11
1460,4536,11
1461,2290,11
1462,2396,11
1463,3323,11
1464,2151,11
1465,3390,11
1466,1877,11
1467,2375,11
1468,4377,11
1469,3310,11
1470,2574,11
1471,2452,11
1472,2410,11
1473,2805,11
1474,1885,11
1475,1940,11
1476,4843,11
1477,2830,11
1478,1620,11
1479,3762,11
1480,2338,11
1481,3154,11
1482,1174,11
1483,2832,11
1484,3920,11
1485,1935,11
1486,1747,11
1487,1954,11
1488,4380,11
1489,3545,11
1490,4131,11
1491,4009,11
1492,2399,11
1493,4397,11
1494,4474,11
1495,2807,11
1496,1881,11
1497,3010,11
1498,1797,11
1499,4895,11
1500,1968,11
1501,1421,11
1502,1130,11
1503,2154,11
1504,4650,11
1505,2693,11
1506,2033,11
1507,2465,11
1508,1869,11
1509,3370,11
1510,2912,11
1511,2307,11
1512,3617,11
1513,3520,11
1514,3570,11
1515,4249,11
1516,2074,11
1517,1178,11
1518,3966,11
1519,4600,11
1520,4794,11
1521,2837,11
1522,3698,11
1523,4962,11
1524,3424,11
1525,1917,11
1526,4498,11
1527,4503,11
1528,4125,11
1529,1687,11
1530,2956,11
1531,3324,11
1532,3934,11
1533,1823,11
1534,1330,11
1535,2247,11
1536,1241,11
1537,4199,11
1538,1679,11
1539,2924,11
1540,1605,11
1541,2849,11
1542,3468,11
1543,2709,11
1544,4789,11
1545,4120,11
1546,3299,11
1547,2525,11
1548,4212,11
1549,4255,11
1550,3185,11
1551,4098,11
1552,3675,11
1553,2178,11
1554,1016,11
1555,1113,11
1556,2682,11
1557,2530,11
1558,3980,11
1559,4082,11
1560,3328,11
1561,1764,11
1562,2363,11
1563,4734,11
1564,4906,11
1565,2274,11
1566,1504,11
1567,1123,11
1568,4041,11
1569,3204,11
1570,3209,11
1571,2495,11
1572,2470,11
1573,1380,11
1574,3148,11
1575,1293,11
1576,1075,11
1577,3789,11
1578,2158,11
1579,2899,11
1580,1111,11
1581,3769,11
1582,3360,11
1583,4841,11
1584,1801,11
1585,2336,11
1586,2696,11
1587,2422,11
1588,1289,11
1589,3300,11
1590,3987,11
1591,4295,11
1592,2940,11
1593,1454,11
1594,4040,11
1595,3142,11
1596,3983,11
1597,1125,11
1598,2081,10
1599,3961,10
1600,1185,10
1601,3522,10
1602,2636,10
1603,2817,10
1604,1900,10
1605,1611,10
1606,4583,10
1607,3063,10
1608,2361,10
1609,4405,10
1610,1100,10
1611,4772,10
1612,1523,10
1613,4782,10
1614,4466,10
1615,2144,10
1616,2656,10
1617,4981,10
1618,3401,10
1619,1622,10
1620,3132,10
1621,3937,10
1622,3021,10
1623,1252,10
1624,1517,10
1625,4204,10
1626,3304,10
1627,1664,10
1628,3435,10
1629,1135,10
1630,1128,10
1631,4457,10
1632,4712,10
1633,4725,10
1634,3295,10
1635,1372,10
1636,4989,10
1637,4675,10
1638,2972,10
1639,2476,10
1640,2757,10
1641,4855,10
1642,4669,10
1643,1816,10
1644,1460,10
1645,1751,10
1646,4722,10
1647,1808,10
1648,2191,10
1649,4740,10
1650,1699,10
1651,3685,10
1652,2979,10
1653,3384,10
1654,2692,10
1655,2691,10
1656,4196,10
1657,3819,10
1658,4584,10
1659,3215,10
1660,4655,10
1661,2785,10
1662,2148,10
1663,1475,10
1664,1205,10
1665,2170,10
1666,2548,10
1667,4369,10
1668,4028,10
1669,1962,10
1670,1069,10
1671,1014,10
1672,3526,10
1673,2402,10
1674,1302,10
1675,3343,10
1676,3224,10
1677,2777,10
1678,1833,10
1679,4004,10
1680,2754,10
1681,1964,10
1682,2122,10
1683,2825,10
1684,4728,10
1685,4603,10
1686,4342,10
1687,1512,10
1688,4037,10
1689,2339,10
1690,4991,10
1691,2948,10
1692,2883,10
1693,4541,10
1694,4114,10
1695,4922,10
1696,3419,10
1697,1499,10
1698,4993,10
1699,1171,10
1700,4094,10
1701,2225,10
1702,4596,10
1703,4398,10
1704,2564,10
1705,2590,10
1706,2935,10
1707,1102,10
1708,2087,10
1709,3083,10
1710,4432,10
1711,1852,10
1712,4632,10
1713,3840,10
1714,2834,10
1715,3997,10
1716,2345,10
1717,1234,10
1718,1074,10
1719,3614,10
1720,3413,10
1721,3689,10
1722,2295,10
1723,3928,10
1724,1020,10
1725,1514,10
1726,4559,10
1727,4500,10
1728,1752,10
1729,2713,10
1730,3721,10
1731,4313,10
1732,4914,10
1733,2904,10
1734,1676,10
1735,2038,10
1736,4092,10
1737,2489,10
1738,3866,10
1739,3619,10
1740,2300,10
1741,1425,10
1742,1513,10
1743,1596,10
1744,4840,10
1745,3544,10
1746,4177,10
1747,2479,10
1748,2775,10
1749,1770,10
1750,1202,10
1751,1938,10
1752,3886,10
1753,4705,10
1754,2958,10
1755,1820,10
1756,2723,10
1757,2556,10
1758,3236,10
1759,2420,10
1760,1723,10
1761,2162,10
1762,4085,10
1763,2543,10
1764,2200,10
1765,4899,10
1766,2763,10
1767,1037,10
1768,3622,10
1769,4911,10
1770,1746,10
1771,4996,10
1772,2829,10
1773,1952,10
1774,2082,10
1775,1328,10
1776,1426,10
1777,1591,10
1778,3808,10
1779,2756,10
1780,3496,10
1781,1226,10
1782,4269,10
1783,1132,10
1784,2188,10
1785,4449,10
1786,3254,10
1787,4284,10
1788,4088,10
1789,4195,10
1790,2109,10
1791,4942,10
1792,1345,10
1793,3738,10
1794,2562,10
1795,2927,10
1796,2585,10
1797,4727,10
1798,1950,10
1799,3615,10
1800,4614,10
1801,1789,10
1802,3556,10
1803,2521,10
1804,2732,10
1805,2864,10
1806,3681,10
1807,4044,10
1808,1417,10
1809,1872,10
1810,3160,10
1811,1320,10
1812,4493,10
1813,2727,10
1814,1223,10
1815,3015,10
1816,4296,10
1817,1575,10
1818,4687,10
1819,1041,10
1820,1103,10
1821,3034,10
1822,1403,10
1823,4837,10
1824,1835,10
1825,1150,10
1826,3039,10
1827,1980,10
1828,1883,10
1829,2327,10
1830,4265,10
1831,4883,10
1832,1356,10
1833,4529,10
1834,1501,10
1835,2314,10
1836,1838,10
1837,1851,10
1838,3030,10
1839,3222,10
1840,1343,10
1841,4164,10
1842,4886,10
1843,2407,10
1844,3947,10
1845,1648,10
1846,3895,10
1847,2341,10
1848,1104,10
1849,1524,10
1850,3671,10
1851,4463,10
1852,1910,10
1853,2699,10
1854,1903,10
1855,4869,10
1856,3458,10
1857,2071,10
1858,2439,10
1859,3756,10
1860,2243,10
1861,3264,10
1862,3471,10
1863,3067,10
1864,1282,10
1865,1818,10
1866,4641,10
1867,3717,10
1868,3609,10
1869,3127,10
1870,2320,10
1871,2806,10
1872,3919,10
1873,2401,10
1874,4793,10
1875,3660,10
1876,1473,10
1877,2069,10
1878,2262,10
1879,3475,10
1880,3186,10
1881,4096,10
1882,4593,10
1883,3382,10
1884,4684,10
1885,4629,10
1886,4105,10
1887,1996,10
1888,4244,10
1889,3298,10
1890,4690,9
1891,1139,9
1892,3686,9
1893,4264,9
1894,4059,9
1895,2934,9
1896,3059,9
1897,2266,9
1898,3123,9
1899,2831,9
1900,3828,9
1901,3053,9
1902,3907,9
1903,3256,9
1904,1126,9
1905,4879,9
1906,2147,9
1907,3767,9
1908,2326,9
1909,4355,9
1910,3670,9
1911,2104,9
1912,4680,9
1913,2141,9
1914,2843,9
1915,2358,9
1916,3787,9
1917,2788,9
1918,4048,9
1919,3749,9
1920,1215,9
1921,3378,9
1922,4245,9
1923,1544,9
1924,4733,9
1925,1829,9
1926,2544,9
1927,3751,9
1928,1141,9
1929,1325,9
1930,4582,9
1931,2020,9
1932,1546,9
1933,1173,9
1934,2824,9
1935,4950,9
1936,4539,9
1937,1168,9
1938,1194,9
1939,1336,9
1940,4359,9
1941,1987,9
1942,2427,9
1943,4710,9
1944,2237,9
1945,1165,9
1946,2241,9
1947,4063,9
1948,3267,9
1949,2888,9
1950,1698,9
1951,1154,9
1952,4252,9
1953,4634,9
1954,3804,9
1955,2233,9
1956,4179,9
1957,1655,9
1958,3927,9
1959,3338,9
1960,1186,9
1961,4478,9
1962,4050,9
1963,4298,9
1964,3766,9
1965,3784,9
1966,3079,9
1967,2742,9
1968,4492,9
1969,4337,9
1970,3573,9
1971,3765,9
1972,4960,9
1973,4479,9
1974,1993,9
1975,2981,9
1976,3843,9
1977,1779,9
1978,1803,9
1979,3952,9
1980,4944,9
1981,3890,9
1982,4749,9
1983,1449,9
1984,1163,9
1985,3861,9
1986,4013,9
1987,2149,9
1988,4357,9
1989,3407,9
1990,1828,9
1991,2471,9
1992,1947,9
1993,4356,9
1994,2850,9
1995,1756,9
1996,3312,9
1997,3273,9
1998,1549,9
1999,1399,9
2000,3109,9
2001,2312,9
2002,4103,9
2003,1670,9
2004,4648,9
2005,4344,9
2006,1054,9
2007,4561,9
2008,3929,9
2009,4758,9
2010,4408,9
2011,4556,9
2012,1742,9
2013,1617,9
2014,2702,9
2015,3022,9
2016,2962,9
2017,3731,9
2018,2044,9
2019,1804,9
2020,1319,9
2021,1874,9
2022,2156,9
2023,1009,9
2024,2703,9
2025,3898,9
2026,1281,9
2027,2508,9
2028,3470,9
2029,3283,9
2030,3839,9
2031,3459,9
2032,1331,9
2033,1773,9
2034,3161,9
2035,4046,9
2036,3656,9
2037,1209,9
2038,1268,9
2039,3735,9
2040,1627,9
2041,2928,9
2042,1045,9
2043,4074,9
2044,4578,9
2045,3339,9
2046,1497,9
2047,4071,9
2048,3816,9
2049,3646,9
2050,3259,9
2051,1669,9
2052,3658,9
2053,3680,9
2054,2256,9
2055,2067,9
2056,3158,9
2057,2059,9
2058,4230,9
2059,4461,9
2060,1799,9
2061,4977,9
2062,2778,9
2063,4325,9
2064,4003,9
2065,2804,9
2066,3953,9
2067,3525,9
2068,1847,9
2069,1034,9
2070,2561,9
2071,4502,9
2072,2649,9
2073,4617,9
2074,3809,9
2075,4122,9
2076,2921,9
2077,1027,9
2078,3716,9
2079,3334,9
2080,4289,9
2081,1843,9
2082,2073,9
2083,3801,9
2084,2343,9
2085,4471,9
2086,3639,9
2087,1495,9
2088,2167,9
2089,2446,9
2090,4620,9
2091,4394,9
2092,1824,9
2093,4554,9
2094,3842,9
2095,2301,9
2096,3785,9
2097,1928,9
2098,4591,9
2099,3551,9
2100,3667,9
2101,1306,9
2102,2974,9
2103,3023,9
2104,1297,9
2105,4640,9
2106,2500,9
2107,2623,9
2108,1503,9
2109,3699,9
2110,3241,9
2111,2416,9
2112,3815,9
2113,3759,9
2114,2353,9
2115,4226,9
2116,2049,9
2117,2762,9
2118,4847,9
2119,2466,9
2120,4149,9
2121,4119,9
2122,2914,9
2123,2460,9
2124,1853,9
2125,1624,9
2126,3357,9
2127,4401,9
2128,1431,9
2129,2700,9
2130,3829,9
2131,4132,9
2132,2782,9
2133,1970,9
2134,1088,9
2135,3027,9
2136,3427,9
2137,4008,9
2138,2419,9
2139,4371,9
2140,4172,9
2141,3452,8
2142,3423,8
2143,2577,8
2144,1018,8
2145,4066,8
2146,2901,8
2147,1606,8
2148,1585,8
2149,1685,8
2150,2376,8
2151,1716,8
2152,1002,8
2153,4665,8
2154,4823,8
2155,2661,8
2156,1323,8
2157,3673,8
2158,3923,8
2159,2594,8
2160,4763,8
2161,4698,8
2162,2726,8
2163,2509,8
2164,4171,8
2165,4897,8
2166,4557,8
2167,4658,8
2168,2496,8
2169,3479,8
2170,3554,8
2171,4956,8
2172,1364,8
2173,2111,8
2174,4014,8
2175,2750,8
2176,1684,8
2177,1261,8
2178,3850,8
2179,2671,8
2180,2969,8
2181,2516,8
2182,4552,8
2183,1212,8
2184,1955,8
2185,1864,8
2186,2880,8
2187,3659,8
2188,2260,8
2189,1505,8
2190,3662,8
2191,1536,8
2192,2064,8
2193,4221,8
2194,4439,8
2195,4075,8
2196,2537,8
2197,2250,8
2198,4838,8
2199,2571,8
2200,2110,8
2201,4144,8
2202,4664,8
2203,3712,8
2204,1597,8
2205,3426,8
2206,4435,8
2207,3311,8
2208,4859,8
2209,4368,8
2210,4349,8
2211,2287,8
2212,3112,8
2213,2264,8
2214,3463,8
2215,2753,8
2216,3303,8
2217,1578,8
2218,2113,8
2219,3854,8
2220,3088,8
2221,3451,8
2222,3428,8
2223,4894,8
2224,1308,8
2225,4660,8
2226,4022,8
2227,2790,8
2228,4424,8
2229,1849,8
2230,1142,8
2231,4219,8
2232,2245,8
2233,3665,8
2234,2933,8
2235,1058,8
2236,4893,8
2237,3449,8
2238,1181,8
2239,2620,8
2240,1498,8
2241,3521,8
2242,2195,8
2243,1003,8
2244,2943,8
2245,2865,8
2246,3930,8
2247,1717,8
2248,2827,8
2249,3935,8
2250,4229,8
2251,3417,8
2252,4854,8
2253,1434,8
2254,1043,8
2255,4818,8
2256,1765,8
2257,4651,8
2258,2468,8
2259,3925,8
2260,4903,8
2261,3720,8
2262,1760,8
2263,1396,8
2264,4580,8
2265,1311,8
2266,2449,8
2267,2257,8
2268,2217,8
2269,3563,8
2270,1772,8
2271,3058,8
2272,3695,8
2273,3730,8
2274,1095,8
2275,1890,8
2276,3693,8
2277,2871,8
2278,3636,8
2279,2506,8
2280,4080,8
2281,3133,8
2282,1478,8
2283,4193,8
2284,1295,8
2285,1971,8
2286,1446,8
2287,4575,8
2288,3020,8
2289,4901,8
2290,1152,8
2291,3795,8
2292,3729,8
2293,2627,8
2294,3904,8
2295,3564,8
2296,3546,8
2297,4522,8
2298,1200,8
2299,1057,8
2300,2999,8
2301,2744,8
2302,3498,8
2303,1588,8
2304,3601,8
2305,3102,8
2306,4919,8
2307,4876,8
2308,4845,8
2309,2207,8
2310,4954,8
2311,4300,8
2312,1678,8
2313,1569,8
2314,2606,8
2315,3664,8
2316,1461,8
2317,4691,8
2318,2802,8
2319,2388,8
2320,1604,8
2321,2798,8
2322,1564,8
2323,4985,8
2324,4711,8
2325,1280,8
2326,1856,8
2327,4607,8
2328,1749,8
2329,4460,8
2330,3591,8
2331,1196,8
2332,2664,8
2333,2135,8
2334,3145,8
2335,2608,8
2336,4752,8
2337,1299,8
2338,3772,8
2339,2908,8
2340,2299,8
2341,1992,8
2342,3713,8
2343,4370,8
2344,2472,8
2345,3242,8
2346,1638,8
2347,2639,8
2348,4659,8
2349,4101,8
2350,4285,8
2351,1850,8
2352,4934,8
2353,1217,8
2354,1488,8
2355,1897,8
2356,3869,8
2357,4489,8
2358,2939,8
2359,4213,8
2360,2884,8
2361,4273,8
2362,1067,8
2363,2062,8
2364,4415,8
2365,1389,8
2366,2119,8
2367,4839,8
2368,1155,8
2369,4361,8
2370,4017,8
2371,4726,8
2372,2683,8
2373,2698,8
2374,3568,8
2375,3342,8
2376,2037,8
2377,4638,8
2378,2483,8
2379,1528,8
2380,4418,8
2381,1229,8
2382,4154,8
2383,2159,8
2384,2205,8
2385,4246,8
2386,4935,8
2387,1508,8
2388,4830,8
2389,3965,8
2390,1049,8
2391,3561,8
2392,2025,8
2393,3444,8
2394,3238,8
2395,3455,8
2396,3386,8
2397,3210,8
2398,2839,8
2399,4798,8
2400,1188,8
2401,1484,8
2402,4304,8
2403,4001,8
2404,1246,8
2405,2695,8
2406,1821,8
2407,1738,8
2408,3640,8
2409,3443,8
2410,3033,8
2411,4764,8
2412,2872,8
2413,4701,8
2414,2368,8
2415,4873,8
2416,3228,8
2417,1571,8
2418,2208,8
2419,4395,8
2420,1985,8
2421,4963,8
2422,1705,8
2423,2279,8
2424,1791,8
2425,2680,8
2426,4896,8
2427,3867,8
2428,3226,8
2429,4116,8
2430,2444,8
2431,3061,8
2432,4940,8
2433,4100,8
2434,3493,8
2435,3275,8
2436,1207,8
2437,2522,8
2438,1879,8
2439,3106,8
2440,4538,8
2441,4238,8
2442,2085,8
2443,3349,8
2444,1115,8
2445,3710,8
2446,3921,8
2447,3851,8
2448,4622,8
2449,3200,8
2450,2076,8
2451,1021,8
2452,2369,8
2453,1730,8
2454,4635,8
2455,4990,8
2456,3260,8
2457,1140,8
2458,3550,8
2459,2815,8
2460,1535,8
2461,2155,8
2462,1893,8
2463,2801,8
2464,4765,8
2465,2673,8
2466,2464,8
2467,3773,8
2468,2445,8
2469,1398,8
2470,3331,8
2471,3586,8
2472,4856,8
2473,1369,8
2474,4881,8
2475,1244,8
2476,4184,8
2477,2616,8
2478,1848,8
2479,2053,8
2480,3411,8
2481,2542,8
2482,3167,7
2483,2174,7
2484,2646,7
2485,4626,7
2486,4673,7
2487,2276,7
2488,1914,7
2489,4511,7
2490,1157,7
2491,3806,7
2492,2258,7
2493,1911,7
2494,3387,7
2495,2642,7
2496,4060,7
2497,2002,7
2498,2181,7
2499,1845,7
2500,4443,7
2501,2108,7
2502,4702,7
2503,1732,7
2504,4414,7
2505,4871,7
2506,4290,7
2507,2485,7
2508,1550,7
2509,2875,7
2510,1064,7
2511,2644,7
2512,4670,7
2513,3096,7
2514,3285,7
2515,3172,7
2516,4126,7
2517,1720,7
2518,4849,7
2519,3293,7
2520,2000,7
2521,2319,7
2522,1902,7
2523,1458,7
2524,4413,7
2525,1958,7
2526,1660,7
2527,4283,7
2528,2766,7
2529,2328,7
2530,4586,7
2531,1288,7
2532,3494,7
2533,3871,7
2534,3403,7
2535,3375,7
2536,4547,7
2537,1161,7
2538,3060,7
2539,1232,7
2540,4176,7
2541,1647,7
2542,1274,7
2543,2749,7
2544,1085,7
2545,4341,7
2546,2168,7
2547,2938,7
2548,2183,7
2549,2954,7
2550,3316,7
2551,1078,7
2552,1547,7
2553,3157,7
2554,2970,7
2555,2013,7
2556,2206,7
2557,3159,7
2558,2283,7
2559,1559,7
2560,1187,7
2561,3902,7
2562,4813,7
2563,2023,7
2564,4976,7
2565,3317,7
2566,3611,7
2567,2863,7
2568,3516,7
2569,2658,7
2570,4689,7
2571,3860,7
2572,1298,7
2573,3352,7
2574,2528,7
2575,4970,7
2576,4535,7
2577,1529,7
2578,3954,7
2579,2451,7
2580,3577,7
2581,4516,7
2582,3394,7
2583,3263,7
2584,2980,7
2585,2768,7
2586,3219,7
2587,4469,7
2588,1598,7
2589,4343,7
2590,4984,7
2591,2533,7
2592,3213,7
2593,3265,7
2594,1545,7
2595,2277,7
2596,3616,7
2597,4987,7
2598,2902,7
2599,3482,7
2600,4242,7
2601,3271,7
2602,4672,7
2603,1376,7
2604,2412,7
2605,2392,7
2606,1868,7
2607,2477,7
2608,1346,7
2609,3006,7
2610,1834,7
2611,2030,7
2612,1593,7
2613,1083,7
2614,1487,7
2615,3016,7
2616,3235,7
2617,1518,7
2618,1198,7
2619,2032,7
2620,2838,7
2621,4315,7
2622,4979,7
2623,2630,7
2624,2538,7
2625,3852,7
2626,4913,7
2627,4908,7
2628,3183,7
2629,2115,7
2630,3488,7
2631,2536,7
2632,4450,7
2633,2098,7
2634,2786,7
2635,4968,7
2636,1831,7
2637,2947,7
2638,1301,7
2639,1304,7
2640,4696,7
2641,2951,7
2642,3644,7
2643,4227,7
2644,1784,7
2645,2610,7
2646,1413,7
2647,3781,7
2648,2631,7
2649,3202,7
2650,2611,7
2651,2569,7
2652,1805,7
2653,3277,7
2654,2143,7
2655,3065,7
2656,1728,7
2657,1393,7
2658,4329,7
2659,2926,7
2660,2898,7
2661,3466,7
2662,3055,7
2663,2626,7
2664,2774,7
2665,4770,7
2666,3715,7
2667,4811,7
2668,4404,7
2669,4833,7
2670,3540,7
2671,4175,7
2672,1982,7
2673,2488,7
2674,2971,7
2675,4553,7
2676,2675,7
2677,3433,7
2678,4786,7
2679,3739,7
2680,4771,7
2681,3068,7
2682,4677,7
2683,3279,7
2684,1418,7
2685,4373,7
2686,1916,7
2687,1718,7
2688,1502,7
2689,4878,7
2690,4654,7
2691,1031,7
2692,1101,7
2693,2305,7
2694,1408,7
2695,2134,7
2696,3118,7
2697,1639,7
2698,1134,7
2699,4031,7
2700,3513,7
2701,2619,7
2702,3708,7
2703,2398,7
2704,4409,7
2705,4058,7
2706,2259,7
2707,1909,7
2708,1763,7
2709,4477,7
2710,4310,7
2711,3912,7
2712,1388,7
2713,5000,7
2714,2434,7
2715,1015,7
2716,2771,7
2717,1149,7
2718,1686,7
2719,1680,6
2720,2818,6
2721,4422,6
2722,1725,6
2723,4898,6
2724,1371,6
2725,1891,6
2726,4713,6
2727,2473,6
2728,4400,6
2729,2559,6
2730,3302,6
2731,1926,6
2732,4067,6
2733,3597,6
2734,2724,6
2735,2705,6
2736,2463,6
2737,4381,6
2738,1809,6
2739,2481,6
2740,2922,6
2741,2352,6
2742,3676,6
2743,4167,6
2744,2318,6
2745,3650,6
2746,1405,6
2747,4870,6
2748,4339,6
2749,1538,6
2750,4781,6
2751,4053,6
2752,1781,6
2753,1350,6
2754,4287,6
2755,1532,6
2756,3853,6
2757,4033,6
2758,2286,6
2759,3143,6
2760,2862,6
2761,1066,6
2762,4577,6
2763,1912,6
2764,2095,6
2765,1423,6
2766,1383,6
2767,1920,6
2768,1778,6
2769,4848,6
2770,4887,6
2771,3974,6
2772,4051,6
2773,2877,6
2774,1721,6
2775,3075,6
2776,3440,6
2777,1610,6
2778,3135,6
2779,4709,6
2780,2917,6
2781,1262,6
2782,2780,6
2783,4751,6
2784,3820,6
2785,2379,6
2786,4955,6
2787,3530,6
2788,2316,6
2789,1316,6
2790,2397,6
2791,2897,6
2792,1681,6
2793,3914,6
2794,4010,6
2795,3755,6
2796,1573,6
2797,4581,6
2798,1520,6
2799,1786,6
2800,2635,6
2801,3415,6
2802,2994,6
2803,1586,6
2804,1145,6
2805,2114,6
2806,3288,6
2807,4331,6
2808,1351,6
2809,4866,6
2810,1594,6
2811,3169,6
2812,1315,6
2813,3722,6
2814,4644,6
2815,1253,6
2816,1079,6
2817,4145,6
2818,3485,6
2819,3569,6
2820,1387,6
2821,3678,6
2822,2679,6
2823,3217,6
2824,3977,6
2825,4270,6
2826,3346,6
2827,1842,6
2828,2967,6
2829,3280,6
2830,4674,6
2831,3397,6
2832,1048,6
2833,4570,6
2834,2278,6
2835,3457,6
2836,2520,6
2837,4803,6
2838,2985,6
2839,2541,6
2840,3244,6
2841,4858,6
2842,4861,6
2843,1951,6
2844,1270,6
2845,3425,6
2846,3916,6
2847,3989,6
2848,2360,6
2849,2681,6
2850,2905,6
2851,1665,6
2852,4533,6
2853,4089,6
2854,4910,6
2855,4081,6
2856,4241,6
2857,1105,6
2858,3798,6
2859,1344,6
2860,1882,6
2861,3800,6
2862,3110,6
2863,4407,6
2864,2269,6
2865,2384,6
2866,4016,6
2867,4034,6
2868,2721,6
2869,1258,6
2870,4880,6
2871,2808,6
2872,3156,6
2873,2557,6
2874,4090,6
2875,4706,6
2876,4543,6
2877,2670,6
2878,2372,6
2879,3441,6
2880,4064,6
2881,2605,6
2882,2965,6
2883,4966,6
2884,2411,6
2885,3799,6
2886,1022,6
2887,3724,6
2888,4507,6
2889,3532,6
2890,3984,6
2891,4079,6
2892,1451,6
2893,2219,6
2894,3870,6
2895,2220,6
2896,4542,6
2897,4957,6
2898,3534,6
2899,1392,6
2900,4668,6
2901,2354,6
2902,1771,6
2903,1936,6
2904,3351,6
2905,3810,6
2906,4363,6
2907,1099,6
2908,3188,6
2909,1409,6
2910,3129,6
2911,4358,6
2912,1191,6
2913,2490,6
2914,2809,6
2915,4189,6
2916,1317,6
2917,3029,6
2918,4021,6
2919,1138,6
2920,4971,6
2921,4140,6
2922,3805,6
2923,4136,6
2924,3750,6
2925,4318,6
2926,1635,6
2927,3151,6
2928,1521,6
2929,3420,6
2930,1047,6
2931,2371,6
2932,2036,6
2933,3292,6
2934,4983,6
2935,3383,6
2936,3069,6
2937,4254,6
2938,4256,6
2939,1548,6
2940,2677,6
2941,1633,6
2942,3996,6
2943,2737,6
2944,4888,6
2945,2034,6
2946,3018,6
2947,1195,6
2948,3017,6
2949,4997,6
2950,3538,6
2951,2125,6
2952,2008,6
2953,4360,6
2954,2303,6
2955,3958,6
2956,4458,6
2957,4159,6
2958,4558,6
2959,2457,6
2960,3406,6
2961,3150,6
2962,2009,6
2963,4070,6
2964,4729,6
2965,1056,6
2966,1629,6
2967,4738,6
2968,1836,6
2969,3838,6
2970,4411,6
2971,4943,6
2972,4139,6
2973,2966,6
2974,3092,6
2975,1445,6
2976,1463,6
2977,1147,6
2978,2140,6
2979,3473,6
2980,4532,6
2981,2323,6
2982,2351,6
2983,1607,6
2984,2187,6
2985,2890,6
2986,2146,6
2987,1727,6
2988,1424,6
2989,2846,6
2990,3281,6
2991,3461,6
2992,2733,6
2993,3012,6
2994,1533,6
2995,4420,6
2996,2458,6
2997,1582,6
2998,4225,6
2999,1978,6
3000,4061,6
3001,2662,6
3002,3836,6
3003,1854,6
3004,1672,6
3005,3368,6
3006,4428,6
3007,1990,6
3008,3945,6
3009,2424,6
3010,4902,6
3011,3320,6
3012,2450,6
3013,4605,6
3014,3553,6
3015,3876,6
3016,4723,6
3017,4597,6
3018,2657,6
3019,2075,6
3020,2094,6
3021,3313,6
3022,4520,6
3023,1601,6
3024,1348,6
3025,3753,6
3026,2253,6
3027,1650,6
3028,3955,6
3029,1581,6
3030,1214,6
3031,4682,6
3032,1657,6
3033,4663,6
3034,2003,6
3035,4185,6
3036,2177,6
3037,1904,6
3038,1562,6
3039,2221,6
3040,4095,6
3041,1927,6
3042,1988,6
3043,1042,6
3044,4157,6
3045,2190,6
3046,3578,6
3047,3355,6
3048,1386,6
3049,1382,6
3050,1873,6
3051,1055,6
3052,3305,6
3053,4731,6
3054,1159,6
3055,3754,6
3056,2708,6
3057,3807,6
3058,2007,6
3059,1590,6
3060,2674,6
3061,1807,6
3062,4345,6
3063,3445,6
3064,3087,6
3065,3195,6
3066,3408,6
3067,2579,6
3068,2593,6
3069,1710,6
3070,2308,6
3071,3726,6
3072,2324,6
3073,1122,6
3074,3628,6
3075,4488,6
3076,2551,6
3077,4484,6
3078,4909,6
3079,1694,6
3080,4917,6
3081,1137,6
3082,1357,6
3083,4571,6
3084,1025,6
3085,2078,6
3086,3130,6
3087,3641,6
3088,2704,6
3089,3003,6
3090,2478,5
3091,3191,5
3092,2923,5
3093,2192,5
3094,2823,5
3095,2797,5
3096,2027,5
3097,4518,5
3098,4402,5
3099,4385,5
3100,3813,5
3101,2334,5
3102,4271,5
3103,4311,5
3104,3057,5
3105,3834,5
3106,1249,5
3107,2853,5
3108,3374,5
3109,2180,5
3110,4615,5
3111,1082,5
3112,1689,5
3113,1151,5
3114,1644,5
3115,3696,5
3116,4480,5
3117,1506,5
3118,1875,5
3119,1059,5
3120,2892,5
3121,1712,5
3122,1735,5
3123,3218,5
3124,2638,5
3125,1179,5
3126,3889,5
3127,3359,5
3128,1530,5
3129,1338,5
3130,2088,5
3131,2667,5
3132,3008,5
3133,3341,5
3134,3964,5
3135,3024,5
3136,4801,5
3137,3019,5
3138,2949,5
3139,3602,5
3140,1645,5
3141,1525,5
3142,2395,5
3143,1794,5
3144,1563,5
3145,4865,5
3146,2461,5
3147,1840,5
3148,4846,5
3149,4874,5
3150,3634,5
3151,2583,5
3152,4918,5
3153,4829,5
3154,4231,5
3155,3885,5
3156,3837,5
3157,3074,5
3158,2891,5
3159,2634,5
3160,2767,5
3161,1321,5
3162,2609,5
3163,2493,5
3164,1184,5
3165,3198,5
3166,3654,5
3167,2586,5
3168,4927,5
3169,3655,5
3170,2377,5
3171,4020,5
3172,1714,5
3173,1192,5
3174,1974,5
3175,4052,5
3176,3892,5
3177,1254,5
3178,4327,5
3179,4611,5
3180,3052,5
3181,1972,5
3182,2313,5
3183,3250,5
3184,4087,5
3185,1631,5
3186,2172,5
3187,1236,5
3188,4054,5
3189,3434,5
3190,2945,5
3191,1080,5
3192,3968,5
3193,3747,5
3194,4784,5
3195,2770,5
3196,3073,5
3197,4390,5
3198,1769,5
3199,4625,5
3200,3647,5
3201,2060,5
3202,1857,5
3203,1662,5
3204,1467,5
3205,2655,5
3206,3330,5
3207,1334,5
3208,3047,5
3209,3269,5
3210,3379,5
3211,3939,5
3212,1429,5
3213,1367,5
3214,1858,5
3215,2588,5
3216,1683,5
3217,2976,5
3218,4198,5
3219,2936,5
3220,2046,5
3221,3978,5
3222,1766,5
3223,2227,5
3224,3319,5
3225,2080,5
3226,1861,5
3227,3231,5
3228,3567,5
3229,4907,5
3230,2462,5
3231,4475,5
3232,3868,5
3233,3332,5
3234,4393,5
3235,1907,5
3236,4161,5
3237,1464,5
3238,1941,5
3239,2527,5
3240,2335,5
3241,2998,5
3242,4619,5
3243,4519,5
3244,3078,5
3245,1164,5
3246,2728,5
3247,1570,5
3248,4099,5
3249,3037,5
3250,1537,5
3251,2995,5
3252,1362,5
3253,3884,5
3254,1539,5
3255,3147,5
3256,3734,5
3257,2118,5
3258,2057,5
3259,2546,5
3260,2486,5
3261,1318,5
3262,4513,5
3263,3969,5
3264,2105,5
3265,2246,5
3266,2145,5
3267,3196,5
3268,4317,4
3269,4278,4
3270,2249,4
3271,1193,4
3272,1310,4
3273,1485,4
3274,1744,4
3275,3395,4
3276,2423,4
3277,1433,4
3278,4900,4
3279,1965,4
3280,4497,4
3281,3792,4
3282,4027,4
3283,3333,4
3284,1402,4
3285,3995,4
3286,3216,4
3287,1975,4
3288,4047,4
3289,3404,4
3290,4642,4
3291,2887,4
3292,3291,4
3293,4965,4
3294,1044,4
3295,3940,4
3296,4173,4
3297,4609,4
3298,3056,4
3299,4850,4
3300,4612,4
3301,1378,4
3302,2347,4
3303,2214,4
3304,2084,4
3305,4490,4
3306,2012,4
3307,1960,4
3308,2378,4
3309,1812,4
3310,1640,4
3311,4805,4
3312,3432,4
3313,2845,4
3314,3632,4
3315,2330,4
3316,2199,4
3317,3627,4
3318,2722,4
3319,2624,4
3320,4774,4
3321,1219,4
3322,1068,4
3323,1709,4
3324,3501,4
3325,2660,4
3326,4528,4
3327,3240,4
3328,4604,4
3329,3032,4
3330,3373,4
3331,2929,4
3332,2822,4
3333,4332,4
3334,1112,4
3335,2603,4
3336,4005,4
3337,3177,4
3338,3040,4
3339,3335,4
3340,1166,4
3341,4309,4
3342,4647,4
3343,2342,4
3344,2621,4
3345,3572,4
3346,2915,4
3347,2531,4
3348,3618,4
3349,2455,4
3350,2776,4
3351,3453,4
3352,3992,4
3353,3103,4
3354,2731,4
3355,3888,4
3356,1359,4
3357,4964,4
3358,2725,4
3359,1222,4
3360,3464,4
3361,1411,4
3362,2686,4
3363,3630,4
3364,4210,4
3365,3802,4
3366,1860,4
3367,1643,4
3368,3278,4
3369,4530,4
3370,1918,4
3371,4739,4
3372,2697,4
3373,4452,4
3374,1072,4
3375,4791,4
3376,3125,4
3377,1568,4
3378,3626,4
3379,1201,4
3380,1981,4
3381,2487,4
3382,3859,4
3383,4724,4
3384,3131,4
3385,3007,4
3386,2637,4
3387,4168,4
3388,1471,4
3389,2024,4
3390,3076,4
3391,3975,4
3392,2919,4
3393,3598,4
3394,3638,4
3395,4995,4
3396,2526,4
3397,3049,4
3398,3326,4
3399,2739,4
3400,2740,4
3401,4481,4
3402,3541,4
3403,4032,4
3404,4250,4
3405,4534,4
3406,3979,4
3407,1453,4
3408,2812,4
3409,1189,4
3410,1589,4
3411,4382,4
3412,4205,4
3413,1401,4
3414,2173,4
3415,1511,4
3416,3580,4
3417,1630,4
3418,3512,4
3419,1516,4
3420,4863,4
3421,1070,4
3422,3211,4
3423,3742,4
3424,2859,4
3425,1260,4
3426,1795,4
3427,3585,4
3428,3981,4
3429,2665,4
3430,2161,4
3431,1557,4
3432,1739,4
3433,2501,4
3434,1614,4
3435,2575,4
3436,3381,4
3437,1919,4
3438,1481,4
3439,4239,4
3440,3001,4
3441,4551,4
3442,2710,4
3443,4465,4
3444,2350,4
3445,2280,4
3446,3366,4
3447,4627,4
3448,3146,4
3449,4365,4
3450,3286,4
3451,1337,4
3452,4560,4
3453,1273,4
3454,2026,4
3455,2050,4
3456,3725,4
3457,4792,4
3458,3733,4
3459,4135,4
3460,3901,4
3461,3714,4
3462,3085,4
3463,3249,4
3464,4653,4
3465,1257,4
3466,3908,4
3467,4936,4
3468,2438,4
3469,4562,4
3470,4354,4
3471,4595,4
3472,4383,4
3473,3594,4
3474,2539,4
3475,4599,4
3476,3566,4
3477,2881,4
3478,1124,4
3479,3064,4
3480,3212,4
3481,1953,4
3482,3933,4
3483,2856,4
3484,1180,4
3485,1224,4
3486,2285,4
3487,2039,4
3488,2228,4
3489,4483,4
3490,4374,4
3491,4174,4
3492,3163,4
3493,3936,4
3494,3514,4
3495,1415,4
3496,4920,4
3497,4730,4
3498,1762,4
3499,2878,4
3500,4282,4
3501,2983,4
3502,1790,4
3503,3906,4
3504,2153,4
3505,2322,4
3506,2833,4
3507,3412,4
3508,1915,4
3509,4143,4
3510,1841,4
3511,4123,4
3512,1437,4
3513,4716,4
3514,4396,4
3515,2848,4
3516,4882,4
3517,1880,4
3518,2006,4
3519,1459,4
3520,1177,4
3521,2179,4
3522,2429,4
3523,3152,4
3524,4810,4
3525,1167,4
3526,4093,4
3527,1063,4
3528,1448,4
3529,1700,4
3530,1394,4
3531,4714,4
3532,2591,4
3533,3253,4
3534,1707,4
3535,3418,4
3536,3272,4
3537,3174,4
3538,2015,4
3539,3711,4
3540,4347,4
3541,2913,4
3542,3652,4
3543,4768,4
3544,2425,4
3545,1046,4
3546,2116,4
3547,2607,4
3548,3610,4
3549,2137,4
3550,2576,4
3551,2121,4
3552,1005,4
3553,4707,4
3554,1490,4
3555,2842,4
3556,1292,4
3557,1531,4
3558,3623,4
3559,3098,4
3560,2016,4
3561,2911,4
3562,4378,4
3563,1284,4
3564,4379,4
3565,4209,4
3566,1755,4
3567,1263,4
3568,2963,4
3569,3108,4
3570,3542,4
3571,3791,4
3572,1024,4
3573,1944,4
3574,4857,4
3575,1942,4
3576,2651,4
3577,1957,4
3578,3883,4
3579,1247,4
3580,1462,4
3581,2275,4
3582,2329,4
3583,2886,4
3584,3707,4
3585,3004,4
3586,2615,4
3587,4158,4
3588,1666,4
3589,4974,4
3590,3350,4
3591,4948,4
3592,1886,4
3593,3318,4
3594,2112,4
3595,1830,4
3596,3993,3
3597,2482,3
3598,1447,3
3599,2734,3
3600,3223,3
3601,4186,3
3602,4928,3
3603,4775,3
3604,2992,3
3605,1251,3
3606,3648,3
3607,3555,3
3608,4889,3
3609,3124,3
3610,3376,3
3611,4973,3
3612,2684,3
3613,4141,3
3614,3197,3
3615,3700,3
3616,3944,3
3617,2858,3
3618,2953,3
3619,4454,3
3620,3536,3
3621,2895,3
3622,1977,3
3623,2931,3
3624,3149,3
3625,2282,3
3626,1117,3
3627,2598,3
3628,1439,3
3629,4982,3
3630,3605,3
3631,1228,3
3632,3887,3
3633,1976,3
3634,3770,3
3635,4055,3
3636,3941,3
3637,4200,3
3638,4755,3
3639,3565,3
3640,1813,3
3641,3171,3
3642,2566,3
3643,1071,3
3644,4602,3
3645,4181,3
3646,4429,3
3647,2123,3
3648,3477,3
3649,4930,3
3650,3825,2
3651,3826,2
3652,3126,2
3653,4639,2
3654,1592,2
3655,1579,2
3656,3362,2
3657,3607,2
3658,2748,2
3659,4517,2
3660,4366,2
3661,4815,2
3662,3243,2
3663,2717,2
3664,2791,2
3665,1036,2
3666,2987,2
3667,2296,2
3668,4904,2
3669,3233,2
3670,4472,2
3671,1496,2
3672,1956,2
3673,2628,2
3674,2614,2
3675,4514,2
3676,1272,2
3677,3994,2
3678,2213,2
3679,1745,2
3680,2456,2
3681,4978,2
3682,3372,2
3683,3624,2
3684,4083,2
3685,1313,2
3686,4587,2
3687,4732,2
3688,2414,2
3689,1243,2
3690,3970,2
3691,1352,2
3692,3874,2
3693,3991,2
3694,2668,2
3695,2497,2
3696,3080,2
3697,4279,2
3698,1556,2
3699,3431,2
3700,1221,2
3701,2126,2
3702,2197,2
3703,3576,2
3704,3631,2
3705,3314,2
3706,4630,2
3707,2866,2
3708,1084,2
3709,4491,2
3710,1552,2
3711,2442,2
3712,3136,2
3713,3422,2
3714,4451,2
3715,4703,2
3716,1555,2
3717,3777,2
3718,1469,2
3719,3000,2
3720,1871,2
3721,4824,2
3722,4590,2
3723,1255,2
3724,3943,2
3725,1300,2
3726,1227,2
3727,1267,2
3728,3448,2
3729,3932,2
3730,1560,2
3731,4188,2
3732,3990,2
3733,2572,2
3734,3097,2
3735,2720,2
3736,2826,2
3737,1673,2
3738,4980,2
3739,2841,2
3740,3367,2
3741,3490,2
3742,2281,2
3743,3625,2
3744,3824,2
3745,3478,2
3746,4423,2
3747,4029,2
3748,2567,2
3749,1039,2
3750,3234,2
3751,2889,2
3752,4998,2
3753,3199,2
3754,2387,2
3755,1455,2
3756,3179,2
3757,3845,2
3758,1642,2
3759,4011,2
3760,2474,2
3761,3788,2
3762,4307,2
3763,1121,2
3764,4247,2
3765,1826,2
3766,3155,2
3767,4994,2
3768,2136,2
3769,1096,2
3770,1436,2
3771,3858,2
3772,2103,2
3773,4834,2
3774,1876,2
3775,4043,2
3776,4072,2
3777,4521,2
3778,4447,2
3779,3290,2
3780,3239,2
3781,1989,2
3782,4737,2
3783,2558,2
3784,3162,2
3785,2968,2
3786,4151,2
3787,4023,2
3788,1397,2
3789,4142,2
3790,3336,2
3791,4333,2
3792,2783,2
3793,3796,2
3794,1626,2
3795,4436,2
3796,3270,2
3797,4885,2
3798,1238,2
3799,1368,2
3800,3454,2
3801,3345,2
3802,3134,2
3803,1093,2
3804,2752,2
3805,3391,2
3806,4905,2
3807,3503,2
3808,1558,2
3809,4795,2
3810,2894,2
3811,2248,2
3812,4816,2
3813,1695,2
3814,4949,2
3815,4884,2
3816,3780,2
3817,2759,2
3818,1400,2
3819,1898,2
3820,1314,2
3821,1156,2
3822,1667,2
3823,3173,2
3824,1973,2
3825,4506,2
3826,3606,2
3827,4208,2
3828,1089,2
3829,2844,2
3830,1019,2
3831,1519,2
3832,1266,2
3833,4802,2
3834,3533,2
3835,4945,2
3836,2640,2
3837,4961,2
3838,1688,2
3839,3823,2
3840,2988,2
3841,4118,2
3842,2852,2
3843,2714,2
3844,4565,2
3845,2773,2
3846,3706,2
3847,2828,2
3848,4248,2
3849,2820,2
3850,4062,2
3851,4237,2
3852,3105,2
3853,3093,2
3854,4926,2
3855,2096,2
3856,1119,2
3857,2292,2
3858,3436,2
3859,3510,2
3860,2021,2
3861,1375,2
3862,4631,2
3863,1250,2
3864,1470,2
3865,2302,2
3866,3771,2
3867,1414,2
3868,2373,2
3869,3043,2
3870,1933,2
3871,1701,2
3872,3377,2
3873,2198,2
3874,3230,2
3875,4621,2
3876,3740,2
3877,4425,2
3878,2216,2
3879,1963,2
3880,4419,2
3881,2297,2
3882,1577,2
3883,1029,2
3884,2203,2
3885,4496,2
3886,1925,2
3887,2263,2
3888,2735,2
3889,3949,2
3890,2304,2
3891,4844,2
3892,4386,2
3893,2503,2
3894,3301,2
3895,1775,2
3896,3723,2
3897,2417,2
